idx,project,bug_id,BFC,FFC,FFC_parent_error,FFC_parent_log,type,reasoning,isBugRelated,isRefactoringRelated,isAddRelated,isTestRelated
1,Jsoup,90,https://github.com/jhy/jsoup/commit/7de614ffd01161d8718d7458bab9d9690ad2334f,https://github.com/jhy/jsoup/commit/1933e9727c694863d6b7a9bb98682b560510d212,Class or method has private access,1-Jsoup-Bug_90.log,Refactor,Make HttpConnection constructor public,0,0,0,0
2,Lang,5,https://github.com/apache/commons-lang/commit/75944e541d358d5b06ebbba3098a919fbf2539d4,https://github.com/apache/commons-lang/commit/16ba0ea9cfe6a88eb127dfa92c948ef35068d5b5,Java version error,2-Lang-Bug_5.log,Build Config,,0,1,0,0
3,Jsoup,39,https://github.com/jhy/jsoup/commit/3f9f33d88355f22aefc7ea402da09fd1950289ce,https://github.com/jhy/jsoup/commit/433d2f180058b8b73e1951c6cfbb986714e68b0f,cannot find symbol,3-Jsoup-Bug_39.log,New functionality,New method htmlParser() added in FFC,0,1,0,0
4,JacksonDatabind,20,https://github.com/FasterXML/jackson-databind/commit/6456a9ac0bee09e2ae45ae56739102a8071f217a,https://github.com/FasterXML/jackson-databind/commit/f339b5c62d6012efe74ee3997cafeaba79e7a7a1,cannot find symbol,4-JacksonDatabind-Bug_20.log,New functionality,New class LowerCaseStrategy added in FFC,0,0,1,0
5,Jsoup,37,https://github.com/jhy/jsoup/commit/c07ba8a34b6a6d6665928e106fea67bd9144e4e0,https://github.com/jhy/jsoup/commit/3982ea1198b8d780b42587e16ace3407bf7621e1,cannot find symbol,5-Jsoup-Bug_37.log,Refactor,forceAllElementAsBlock() is renamed as outline(),0,1,0,0
6,Closure,44,https://github.com/google/closure-compiler/commit/64bb2291f9a9bbab67d865dffe603f8a0df8ef30,https://github.com/google/closure-compiler/commit/4d98fc9034031ee146c7e5534a150e2700d89f8e,cannot find symbol,6-Closure-Bug_44.log,Refactor,Helpers added (but really a refactor),0,0,1,0
7,Closure,110,https://github.com/google/closure-compiler/commit/13fb7fcbcad87f8df63535491627bf7b01471064,https://github.com/google/closure-compiler/commit/73e29a45d42249f9e30a0699bba8411ab14be6df,cannot find symbol,7-Closure-Bug_110.log,New functionality,GOOG_SCOPE_ALIAS_CYCLE static value is added in FFC,2,0,0,0
8,JacksonDatabind,50,https://github.com/FasterXML/jackson-databind/commit/567d6c09a868175626a0b404dc1a8f128f7746f2,https://github.com/FasterXML/jackson-databind/commit/3fdbf62dfe38c1a17521abfeae615593f228123d,cannot find symbol,8-JacksonDatabind-Bug_50.log,Dependency,A dependency version is changed,0,0,0,0
9,Math,69,https://github.com/Maes95/commons-math/commit/a2711c189d9754c22e3aba2de1c6c125e52626aa,https://github.com/Maes95/commons-math/commit/53e1621021576b5e0f3d66926fbfcf6d28ee0753,duplicate class,9-Math-Bug_69.log,Dependency,A dependency version is changed,0,1,1,0
10,Math,39,https://github.com/Maes95/commons-math/commit/74e00296574dc3ac0bc064fc3258faabaf732d6c,https://github.com/Maes95/commons-math/commit/ba6f30842261c030087a24feddd9b1247a18aef3,Class X is not abstract and does not override abstract method Y,10-Math-Bug_39.log,Refactor,Method reset() is renamed to init(),0,0,1,0
11,JacksonDatabind,33,https://github.com/FasterXML/jackson-databind/commit/660ec8f8c081646413d14adf41d55bbd4362a5a8,https://github.com/FasterXML/jackson-databind/commit/ae465badef2cf1ebf1c149c9030258bad8bca080,cannot find symbol,11-JacksonDatabind-Bug_33.log,Dependency,A dependency version is changed,0,0,0,0
12,Codec,6,https://github.com/apache/commons-codec/commit/d74fc31604c805a47c44d7853f63a3b06ad6c016,https://github.com/apache/commons-codec/commit/20a88d9b49beda71ddee69af92872716fd00f13a,cannot find symbol,12-Codec-Bug_6.log,Refactor,Renamed StringBytesUtils to StringUtils,1,1,2,4
13,JacksonCore,3,https://github.com/FasterXML/jackson-core/commit/911cca0254267decd90a4b6a9c0610549309a451,https://github.com/FasterXML/jackson-core/commit/feaabd1683a424d5f112f0497be6c2f68492160e,cannot find symbol,13-JacksonCore-Bug_3.log,New functionality,Method createParser() is added ,1,1,2,0
14,Codec,14,https://github.com/apache/commons-codec/commit/39d5df29fb768fd257f9d328b99f00bc69ec864a,https://github.com/apache/commons-codec/commit/e3b7364d4d48f71f2583f2215da3bde8d890b359,cannot be applied to given types,14-Codec-Bug_14.log,Refactor,phoneticUtf8() is renamed to encode(),0,1,0,0
15,Cli,29,https://github.com/apache/commons-cli/commit/20002f7f4e971349a1c95dd3b05846c5b824b65c,https://github.com/apache/commons-cli/commit/a8a8ec06a85a1090d560dc6cf236663da580863e,Java version error,15-Cli-Bug_29.log,Refactor,Vars enum refactored to enumSet (enum is not a valid keyword since 1.5),0,2,0,0
16,Csv,15,https://github.com/apache/commons-csv/commit/8b3de71fd99d0fa07cb6a3a35b583bbb170aab66,https://github.com/apache/commons-csv/commit/7e471527915cb0c73316c598fd02b71a56f2cf43,cannot find symbol,16-Csv-Bug_15.log,Dependency,A dependency version is changed,1,1,1,0
17,Jsoup,44,https://github.com/jhy/jsoup/commit/3a7f39c507ed2b6809dc3a8bcc0a28ad19aab2f3,https://github.com/jhy/jsoup/commit/af77fd3ffb2973f255419df9ef591df5f8a7409f,non-static method getFile(String) cannot be referenced from a static context,17-Jsoup-Bug_44.log,Refactor,Method getFile is now static,0,0,1,0
18,Closure,54,https://github.com/google/closure-compiler/commit/7e9b8336568ea7f05c33e1b58eb67fa6d4eee756,https://github.com/google/closure-compiler/commit/9a66dcbece400f60c7b2f71bf7b3125331cd4164,cannot be applied to given types,18-Closure-Bug_54.log,Refactor,Constructor refactored to accept more params,0,0,1,0
19,Closure,119,https://github.com/google/closure-compiler/commit/046e0b226e963bc584c2a6cd3c2b471777c5cc53,https://github.com/google/closure-compiler/commit/d6f92e5de267c39d29182cfa89b2f01b7710b607,cannot find symbol,19-Closure-Bug_119.log,New functionality,NAME_DEFINED_LATE_WARNING static value is added in FFC,2,0,0,0
20,Closure,81,https://github.com/google/closure-compiler/commit/084b868bc2fbf9d6d0319e5a362ade1d7f43f899,https://github.com/google/closure-compiler/commit/d38121222cc7c1d5e8dd2c34dcea4c2dc7468450,no suitable method found,20-Closure-Bug_81.log,Refactor,createConfig refactored to accept more params,0,0,1,0
21,Compress,2,https://github.com/apache/commons-compress/commit/d09177b98f4e956c1d366110f73c3341ea110bee,https://github.com/apache/commons-compress/commit/01d395157e5ffbc15b6f7e265885d4b7635791d5,cannot find symbol,21-Compress-Bug_2.log,New functionality,Method getFile is added,0,1,0,0
22,Closure,77,https://github.com/google/closure-compiler/commit/b88400ce0e9c1a0dadfd3417c256b02a82f38fe1,https://github.com/google/closure-compiler/commit/524c758183be741ff1519acfa8a4bf714dd2c4cd,cannot find symbol,22-Closure-Bug_77.log,New functionality,Methods setTagAsStrict() and getLanguageIn() added,0,0,1,0
23,Math,9,https://github.com/Maes95/commons-math/commit/de98c0f0a566060ac143c39036f06a03f141dc52,https://github.com/Maes95/commons-math/commit/2d698e4905cb75bd125e2fe1f5223d7e68f0adcd,package X does not exist,23-Math-Bug_9.log,Refactor,Packages renamed,0,1,0,0
24,Mockito,9,https://github.com/mockito/mockito/commit/31f908029b8cd9b1f32bed3a41651b30ebb47b9f,https://github.com/mockito/mockito/commit/9e725017713095deba16eb4646ec03a103cf66f6,incompatible types,24-Mockito-Bug_9.log,New functionality,New method spy() is added,0,0,2,0
25,Gson,15,https://github.com/google/gson/commit/ada597e69a78b8b99f79f79493cbf51e16045202,https://github.com/google/gson/commit/f7abd59a3b349d5c926507705f439afff54ed301,cannot find symbol,25-Gson-Bug_15.log,New functionality,New method jsonValue(),0,0,0,0
26,Jsoup,79,https://github.com/jhy/jsoup/commit/1028b37a1dfbc5dda7b18cbe692ab168c54fb505,https://github.com/jhy/jsoup/commit/f71712ba5d28df09c9a5b6e3c8a37f05f5e3372d,cannot be applied to given types,26-Jsoup-Bug_79.log,Refactor,Refactorof TextNode class,0,0,0,0
27,Math,2,https://github.com/Maes95/commons-math/commit/c0b655ace5665c0cd32e3f5e5b46edad4d223125,https://github.com/Maes95/commons-math/commit/c65ed0ce1eb20a8ee2e186a7e4fa0209a2785515,unreported exception,27-Math-Bug_2.log,Test Change,Only test changes,0,1,0,0
28,Closure,130,https://github.com/google/closure-compiler/commit/9fac3ccd2fa9e6137584f079db1a6f5962a65cf4,https://github.com/google/closure-compiler/commit/4d98fc9034031ee146c7e5534a150e2700d89f8e,cannot find symbol,28-Closure-Bug_130.log,New functionality,Method isVar() is added to node,0,0,1,0
29,Closure,80,https://github.com/google/closure-compiler/commit/58786c3f717fa506280127265cd68fedf17de0a9,https://github.com/google/closure-compiler/commit/711b76ac1015234f86805f1735ff2c3da195f55c,cannot find symbol,29-Closure-Bug_80.log,New functionality,Method isNumericResult() is added to NodeUtil,0,1,0,0
30,Math,32,https://github.com/Maes95/commons-math/commit/f81847d8079753ce45b049813730055188a22efb,https://github.com/Maes95/commons-math/commit/2d698e4905cb75bd125e2fe1f5223d7e68f0adcd,package X does not exist,30-Math-Bug_32.log,Refactor,Packages renamed,0,1,0,0
31,Math,41,https://github.com/Maes95/commons-math/commit/882556eabbeb2f62939aee29afdec2a01ce4bbe1,https://github.com/Maes95/commons-math/commit/cad6e4ae20fc7ff4535e42b1f3aa9a462f82c0ba,cannot find symbol,31-Math-Bug_41.log,Refactor,"Moved array utilities from ""MathUtils"" to ""MathArrays"".",0,1,0,0
32,Cli,25,https://github.com/apache/commons-cli/commit/6a585453d385449dc23d90479488f92f02cd6b83,https://github.com/apache/commons-cli/commit/a8a8ec06a85a1090d560dc6cf236663da580863e,Java version error,32-Cli-Bug_25.log,Refactor,Vars enum refactored to enumSet (enum is not a valid keyword since 1.5),0,2,0,0
33,Closure,124,https://github.com/google/closure-compiler/commit/e7f4269d0289f4d47217207ec456219db8efe47c,https://github.com/google/closure-compiler/commit/9360326ac90197b8740b23146ffd84f7e1886139,cannot find symbol,33-Closure-Bug_124.log,Encoding,,1,0,0,0
34,JacksonCore,16,https://github.com/FasterXML/jackson-core/commit/e052c319eccd6086c28fa5371807d887ebe302cf,https://github.com/FasterXML/jackson-core/commit/d9d6f1afcf3c5889090b13ebd6c411a49d1bb0c4,cannot find symbol,34-JacksonCore-Bug_16.log,Dependency,A dependency version is changed,0,0,0,0
35,Closure,64,https://github.com/google/closure-compiler/commit/de726510af4329fb8eeb8a54b2d93d8d37c87545,https://github.com/google/closure-compiler/commit/9360326ac90197b8740b23146ffd84f7e1886139,cannot find symbol,35-Closure-Bug_64.log,Encoding,,1,0,0,0
36,Closure,101,https://github.com/google/closure-compiler/commit/369282db85567f1bf2c9635d0c0043d47f114814,https://github.com/google/closure-compiler/commit/e5d3e5e012871b87d2f2a59985bc6522bb571ee2,package X does not exist,36-Closure-Bug_101.log,Dependency,A dependency version is changed,2,0,0,0
37,Closure,107,https://github.com/google/closure-compiler/commit/49e9565febba904484396e2aef7dbe86f55e9cc5,https://github.com/google/closure-compiler/commit/fabe711b0c888bab57dc2dfc79044f1111d56416,cannot find symbol,37-Closure-Bug_107.log,Refactor,SyntacticScopeCreator renamed to VarCheck,0,1,1,0
38,Closure,78,https://github.com/google/closure-compiler/commit/25829b0395164533782d608399096803321225a7,https://github.com/google/closure-compiler/commit/eaaa156632369f88e9667f55c7761cef8367cf57,cannot find symbol,38-Closure-Bug_78.log,Refactor,createCompiler() is now public,0,0,1,1
39,Jsoup,66,https://github.com/jhy/jsoup/commit/c324fabe86c0a59eb635610dc85d8d7a7be25c74,https://github.com/jhy/jsoup/commit/f71712ba5d28df09c9a5b6e3c8a37f05f5e3372d,cannot be applied to given types,39-Jsoup-Bug_66.log,Refactor,Refactorof TextNode class,0,0,0,0
40,Math,102,https://github.com/Maes95/commons-math/commit/a1bac127067c912b4a9f7a2957c427853a36c730,https://github.com/Maes95/commons-math/commit/5145f82217496e6e32ca70d525f69c33260ffd9c,package X does not exist,40-Math-Bug_102.log,Refactor,The FFC is removed an unsupported test element,0,1,0,0
41,Csv,14,https://github.com/apache/commons-csv/commit/190390bf5dd83d6137ca3045902fcecbeafa3227,https://github.com/apache/commons-csv/commit/e2bbfcc6d3290ba69710e936bc88d13f1add76a6,incompatible types,41-Csv-Bug_14.log,Fix,Fix neccesary import,0,0,1,0
42,Codec,15,https://github.com/apache/commons-codec/commit/28b7b958d39730fc278fd1919bf335c52133a1a2,https://github.com/apache/commons-codec/commit/c1e0ec2ef4af22f490391871fed4339530717f7d,type StringEncoderAbstractTest does not take parameters,42-Codec-Bug_15.log,Test Change,Only test changes,0,1,0,1
43,Csv,2,https://github.com/apache/commons-csv/commit/a0d975933d6fe9eb5f359088de43508c1d3109bf,https://github.com/apache/commons-csv/commit/8f436552ae8ee5713c1b5c78c58d4387edcccb31,cannot find symbol,43-Csv-Bug_2.log,New functionality,Method isConsistent() is added,0,0,0,0
44,JacksonDatabind,60,https://github.com/FasterXML/jackson-databind/commit/be114a9a286c4d194cd268ac8153173c52619a8d,https://github.com/FasterXML/jackson-databind/commit/d252da8748f46408de3d18c2d75952e30e1dea40,cannot find symbol,44-JacksonDatabind-Bug_60.log,Dependency,A dependency version is changed,0,1,0,0
45,JacksonDatabind,11,https://github.com/FasterXML/jackson-databind/commit/66bfe6658e6c25e03d1bcd5d4d858e1aaf738a01,https://github.com/FasterXML/jackson-databind/commit/e507a88cd98f54cdc1e4774d1f8257956d605d62,no suitable method found,45-JacksonDatabind-Bug_11.log,Dependency,A dependency version is changed,0,1,0,0
46,Closure,143,https://github.com/google/closure-compiler/commit/7eaa0d8eca2549742649af34671eaf3da83b5c08,https://github.com/google/closure-compiler/commit/e5d3e5e012871b87d2f2a59985bc6522bb571ee2,package X does not exist,46-Closure-Bug_143.log,Dependency,A dependency version is changed,2,0,0,0
47,Closure,86,https://github.com/google/closure-compiler/commit/0907b6618a60b2de23c8f7ec2217a37dc5e9a091,https://github.com/google/closure-compiler/commit/1c92a5447451e3d6e663d4bf508237a6eaeccf90,cannot find symbol,47-Closure-Bug_86.log,New functionality,Add whitespace only mode support for ES5 getters and setters,0,0,2,0
48,Jsoup,7,https://github.com/jhy/jsoup/commit/82855b07f5336d30c70dc20548ab7ab8adeac05e,https://github.com/jhy/jsoup/commit/528b793d86be485f7b4fff51f97e67708eb632da,cannot find symbol,48-Jsoup-Bug_7.log,New functionality,Added restricted mode,0,0,1,0
49,Math,84,https://github.com/Maes95/commons-math/commit/317793eeff84dc9b260301adbe4aa8f5c79f703a,https://github.com/Maes95/commons-math/commit/53e1621021576b5e0f3d66926fbfcf6d28ee0753,duplicate class,49-Math-Bug_84.log,Build Config,,0,1,1,0
50,Closure,149,https://github.com/google/closure-compiler/commit/053636cbd1a8fb97e55b4f82bc4b5bee8beaf47e,https://github.com/google/closure-compiler/commit/0c8a0c53b2124d05b017a63bdbc720a57c89ead2,cannot find symbol,50-Closure-Bug_149.log,New functionality,Add method printModuleGraphManifestTo(),0,1,0,0
51,JacksonDatabind,7,https://github.com/FasterXML/jackson-databind/commit/bcccd3e82241db25a2f34ed655dab88395089f39,https://github.com/FasterXML/jackson-databind/commit/ae465badef2cf1ebf1c149c9030258bad8bca080,package X does not exist,51-JacksonDatabind-Bug_7.log,Dependency,A dependency version is changed,0,0,0,0
52,Closure,4,https://github.com/google/closure-compiler/commit/efefb736fccc2039b5fb079710b3f2ac82b8c6e4,https://github.com/google/closure-compiler/commit/e14000ea47087087d79dd4e5b7425439c7e5c12a,cannot find symbol,52-Closure-Bug_4.log,New functionality,Add method createParameterizedType(),0,0,1,0
53,Math,26,https://github.com/Maes95/commons-math/commit/1566dd339f6efc2347b0962fac7fce22adbc31ff,https://github.com/Maes95/commons-math/commit/2d698e4905cb75bd125e2fe1f5223d7e68f0adcd,package X does not exist,53-Math-Bug_26.log,Refactor,Packages renamed,0,1,0,0
54,Lang,19,https://github.com/apache/commons-lang/commit/0b3a8a3128890f710700d04e38df48b883d11d91,https://github.com/apache/commons-lang/commit/16ba0ea9cfe6a88eb127dfa92c948ef35068d5b5,Java version error,54-Lang-Bug_19.log,Build Config,,0,1,0,0
55,JacksonDatabind,100,https://github.com/FasterXML/jackson-databind/commit/d98ae778876cddd5ed3eacab9e5daf55186ff483,https://github.com/FasterXML/jackson-databind/commit/06b877968de36678e998ca35910de78eec74efe1,cannot find symbol,55-JacksonDatabind-Bug_100.log,Dependency,A dependency version is changed,0,1,0,0
56,JacksonDatabind,61,https://github.com/FasterXML/jackson-databind/commit/82c346ae999e1e250fb52732419aff9a86b1f455,https://github.com/FasterXML/jackson-databind/commit/ae465badef2cf1ebf1c149c9030258bad8bca080,package X does not exist,56-JacksonDatabind-Bug_61.log,Dependency,A dependency version is changed,0,0,0,0
57,JacksonDatabind,109,https://github.com/FasterXML/jackson-databind/commit/e287a62cd32832d5a9611d5b8f3bc06ec1310dc0,https://github.com/FasterXML/jackson-databind/commit/9aad873bd28e2e93fa79696a04ba674070610cf7,cannot find symbol,57-JacksonDatabind-Bug_109.log,New functionality,Add method jsonMapperBuilder(),0,0,0,0
58,JacksonDatabind,29,https://github.com/FasterXML/jackson-databind/commit/30b5469753686548ca7a590dd1bc5114181e68a9,https://github.com/FasterXML/jackson-databind/commit/9e73a1f1b4df1c6925f6bf959b336bce4e46ee55,cannot find symbol,58-JacksonDatabind-Bug_29.log,Dependency,A dependency version is changed,0,1,0,0
59,Closure,96,https://github.com/google/closure-compiler/commit/807aaf2569e9eb09761068c5aeb95654daea30d9,https://github.com/google/closure-compiler/commit/c25df7eca2462861bf42ad8b74215099c3f81ae6,no suitable method found,59-Closure-Bug_96.log,Refactor,Overload method to support List along with [],0,2,1,0
60,Closure,72,https://github.com/google/closure-compiler/commit/e323b879de2e53e5eedf6e7afb0d582382c6248d,https://github.com/google/closure-compiler/commit/170b23fa89cdcc38411fc29ec4453935e0903b16,cannot be applied to given types,60-Closure-Bug_72.log,Refactor,InlineFunctions now allow less params,0,1,0,0
61,Lang,45,https://github.com/apache/commons-lang/commit/d95fcd8e24568b4f9d3cb9da922a4029e293c793,https://github.com/apache/commons-lang/commit/8688d11849b9335f63210dd9018545b3c3a907d8,cannot find symbol,61-Lang-Bug_45.log,New functionality,Add method abbreviate(),0,1,1,0
62,Closure,95,https://github.com/google/closure-compiler/commit/f6607996d6d3bd6820ce3848d147991b27600a12,https://github.com/google/closure-compiler/commit/c25df7eca2462861bf42ad8b74215099c3f81ae6,no suitable method found,62-Closure-Bug_95.log,Refactor,Overload method to support List along with [],0,2,1,0
63,Jsoup,29,https://github.com/jhy/jsoup/commit/05ae97865c84536a6cfe7759ca6c382eb761ecb2,https://github.com/jhy/jsoup/commit/5ca6b4041d0605025f1a1582a605d2aee377bc1c,clone() has protected access in Object,63-Jsoup-Bug_29.log,New functionality,Add method clone(),0,0,2,0
64,Gson,17,https://github.com/google/gson/commit/7a9fd5962dce7f277efa15fcc996606be0733bac,https://github.com/google/gson/commit/b8f616c939c652b8540c95fa2b377b8c628ef3ff,cannot find symbol,64-Gson-Bug_17.log,Refactor,Migrate DefaultDateTypeAdapter,0,0,1,0
65,JacksonDatabind,99,https://github.com/FasterXML/jackson-databind/commit/bc91126c55dc513735a2a95ace4c00a6021c76f4,https://github.com/FasterXML/jackson-databind/commit/8ee51ad3a84987359401719198d7c0bff597b1a3,cannot find symbol,65-JacksonDatabind-Bug_99.log,Dependency,A dependency version is changed,0,1,0,0
66,Lang,48,https://github.com/apache/commons-lang/commit/eb8f74efb75e71fc91e515a38becc2aac203e339,https://github.com/apache/commons-lang/commit/b906ddafbe24402f28da695d4c0e4493ebb6033a,no suitable method found,66-Lang-Bug_48.log,Refactor,Extend reflectionEquals() to support excludeFields,0,0,2,0
67,Closure,40,https://github.com/google/closure-compiler/commit/6ebc0c3d7d4da7d2cf95f53d4ea790e89d3abc7a,https://github.com/google/closure-compiler/commit/effb8b88642e8a81c2a7ba7bae0578530099be86,cannot find symbol,67-Closure-Bug_40.log,Refactor,Add setters for all public properties in CompilerOptions,0,0,1,0
68,Closure,9,https://github.com/google/closure-compiler/commit/e9c15465c000c19ef4e0b8f68a680589ae4111d7,https://github.com/google/closure-compiler/commit/32f4884ca5aa648d48d988d8d7dada88212d6dbe,has private access,68-Closure-Bug_9.log,Refactor,Make methods public,4,0,0,0
69,JacksonDatabind,23,https://github.com/FasterXML/jackson-databind/commit/6172d7561007a941b01f960dd44d94a92f3ad763,https://github.com/FasterXML/jackson-databind/commit/ae465badef2cf1ebf1c149c9030258bad8bca080,package X does not exist,69-JacksonDatabind-Bug_23.log,Dependency,A dependency version is changed,0,0,0,0
70,JacksonXml,2,https://github.com/FasterXML/jackson-dataformat-xml/commit/37eb331acce08142ad027f127c355f9b462fe9e0,https://github.com/FasterXML/jackson-dataformat-xml/commit/ebf25d728a30b26294d5b70fab3f7a9373afc048,cannot find symbol,70-JacksonXml-Bug_2.log,Refactor,,0,1,0,0
71,JacksonDatabind,82,https://github.com/FasterXML/jackson-databind/commit/4a2b1ae08ded66b77e05bf8fa0ac8a2e8c60709d,https://github.com/FasterXML/jackson-databind/commit/6cfc4457bb8a94694d92c20064a782e7af20705b,cannot find symbol,71-JacksonDatabind-Bug_82.log,Dependency,A dependency version is changed,0,0,0,0
72,Jsoup,81,https://github.com/jhy/jsoup/commit/e38dfd44829e13ee83fd62bfe937580f5a998c11,https://github.com/jhy/jsoup/commit/654bc6f981587bd4b39b66702550bad33e1eacc9,cannot find symbol,72-Jsoup-Bug_81.log,New functionality,Add method parseInputStream(),0,0,0,0
73,Closure,34,https://github.com/google/closure-compiler/commit/87b154f89cba3c67045cd7a783b79231d0630a4c,https://github.com/google/closure-compiler/commit/04ba01ff0c7a9a9c64205303a9dcca346da501a5,cannot find symbol,73-Closure-Bug_34.log,New functionality,Add method setPreferLineBreakAtEndOfFile(),0,1,2,0
74,Cli,11,https://github.com/apache/commons-cli/commit/d36adebd3547279b709960c902c3fb7b89a9a4ef,https://github.com/apache/commons-cli/commit/df8f8e160c5fc9b955c627c4b65c7ba67088b7ac,cannot find symbol,74-Cli-Bug_11.log,New functionality,Add method setOptionComparator(),0,2,0,0
75,Closure,59,https://github.com/google/closure-compiler/commit/49b4ef31c850611a5c85d95140b4cedda7f4c59a,https://github.com/google/closure-compiler/commit/ab9dfefc6f8799aa4e8f69d4e4e52d055152b25a,cannot find symbol,75-Closure-Bug_59.log,New functionality,Method printModuleGraphManifestOrBundleTo() is created from another method with new functionality,0,0,1,0
76,Closure,35,https://github.com/google/closure-compiler/commit/22784dc96c391b01692ce686eb93b9aa0ef74ede,https://github.com/google/closure-compiler/commit/8b7e4f656bd5c067543681a721d9f69324ea7a10,cannot find symbol,76-Closure-Bug_35.log,New functionality,Create class CodingConventions,0,2,0,0
77,Math,11,https://github.com/Maes95/commons-math/commit/aa2bd1d0656b0001192aa2b2ef779cfd1f3b7e4d,https://github.com/Maes95/commons-math/commit/05366a5efbe8713df2b887d3c6918c45c07c71b5,cannot find symbol,77-Math-Bug_11.log,Refactor,,1,1,1,0
78,Lang,37,https://github.com/apache/commons-lang/commit/ea140fb5c327e2b58f6c5bf1057c7dede909a50c,https://github.com/apache/commons-lang/commit/ebee3bf4348b95eac301489818239cc4596e58bd,cannot find symbol,78-Lang-Bug_37.log,Refactor,Renaming packages,0,1,0,2
79,Math,92,https://github.com/Maes95/commons-math/commit/85a8ab2dcfc26e83be1514acdb11d3feaac3e73d,https://github.com/Maes95/commons-math/commit/d3b7d9adc2b787c864e649edb1d5ed6020dd1cff,cannot find symbol,79-Math-Bug_92.log,New functionality,Add method scalb(),0,0,2,0
80,Cli,28,https://github.com/apache/commons-cli/commit/3433f467554985a6bd9bf530a4810376be6fe250,https://github.com/apache/commons-cli/commit/a8a8ec06a85a1090d560dc6cf236663da580863e,Java version error,80-Cli-Bug_28.log,Refactor,Vars enum refactored to enumSet (enum is not a valid keyword since 1.5),0,2,0,0
81,Closure,132,https://github.com/google/closure-compiler/commit/5b9485903b5e7d926f49dc91b915a256df92591c,https://github.com/google/closure-compiler/commit/273b440b08d17ca2b3afe779aef461aa47e01ce1,cannot find symbol,81-Closure-Bug_132.log,New functionality,Add method setRetraverseOnChange(),0,1,0,3
82,Closure,158,https://github.com/google/closure-compiler/commit/fcccf543e85a214f0948d1ac5cab3fa05363e845,https://github.com/google/closure-compiler/commit/9360326ac90197b8740b23146ffd84f7e1886139,cannot find symbol,82-Closure-Bug_158.log,Encoding,,1,0,0,0
83,Jsoup,11,https://github.com/jhy/jsoup/commit/f462438f2ebfb354c823cd2c0b677b0674f0e80c,https://github.com/jhy/jsoup/commit/48a63ff1edb2b35098ca14ff9e03733dd9fab0a6,cannot find symbol,83-Jsoup-Bug_11.log,Refactor,Rename filter to select,0,0,0,0
84,Gson,3,https://github.com/google/gson/commit/64107353a37e623ed1f8fecb4422c24212cf6fe1,https://github.com/google/gson/commit/c8bd121db2b382cc0e15d317b19178e6db373d9b,cannot find symbol,84-Gson-Bug_3.log,Refactor,Rename Preconditions to Gson,0,1,0,0
85,Closure,97,https://github.com/google/closure-compiler/commit/ee749e286b477f8d6f53ff5960a38453baf50f31,https://github.com/google/closure-compiler/commit/c9e89727dc8063d087d28e42629606f4fd74a6e5,cannot find symbol,85-Closure-Bug_97.log,New functionality,Add class PeepholeFoldConstants,0,1,0,0
86,Jsoup,47,https://github.com/jhy/jsoup/commit/a025d87deb9cc4cda49ae1b77feb0f29805dd7c5,https://github.com/jhy/jsoup/commit/f317c04acf821d61601f5d986252db40505153bc,cannot be applied to given types,86-Jsoup-Bug_47.log,New functionality,Add strictmode to unescape(),0,0,0,0
87,Lang,49,https://github.com/apache/commons-lang/commit/0ac772a4e3b07287c435fdc3c812f67277c85cc8,https://github.com/apache/commons-lang/commit/40da7fe508aa1d3fe08d96e502c896d6d8a7fd48,package X does not exist,87-Lang-Bug_49.log,Build Config,,0,2,1,0
88,Closure,176,https://github.com/google/closure-compiler/commit/aeed47f424d93d9ff82e0782fca53259829362b1,https://github.com/google/closure-compiler/commit/17e49a2e3a1fce7359730f8cbd17707737827d4e,cannot be applied to given types,88-Closure-Bug_176.log,Refactor,Extend class ProcessClosurePrimitives,0,0,2,1
89,Csv,5,https://github.com/apache/commons-csv/commit/73cc5246cf789db8f459e2f539831b6e91bedd26,https://github.com/apache/commons-csv/commit/97d34575a1074197b8a1b5832d3b2cd3e7656d8f,cannot find symbol,89-Csv-Bug_5.log,New functionality,Add class withSkipHeaderRecord(),0,1,1,0
90,Math,99,https://github.com/Maes95/commons-math/commit/58b5609fe8f99aabc990d885bf6c4d85631b7c79,https://github.com/Maes95/commons-math/commit/924b6d76a2d44baf858c3aee46ab1439c9641959,no suitable method found,90-Math-Bug_99.log,New functionality,Add method equals(),1,0,1,0
91,Jsoup,83,https://github.com/jhy/jsoup/commit/bdf1df7eb3ca76cdcdaca38f7df5d941bbb1c664,https://github.com/jhy/jsoup/commit/c07c0eead5ec708303b7bfb54c28df2e7cad19e9,cannot find symbol,91-Jsoup-Bug_83.log,New functionality,Add class CDataNode,0,0,0,0
92,Closure,74,https://github.com/google/closure-compiler/commit/03fee32a06ccf8257b2da67b9034270be38805ae,https://github.com/google/closure-compiler/commit/9360326ac90197b8740b23146ffd84f7e1886139,cannot find symbol,92-Closure-Bug_74.log,Encoding,,1,0,0,0
93,Csv,13,https://github.com/apache/commons-csv/commit/f8b80e83417c3c7eeed1282118f64fa0e85c4787,https://github.com/apache/commons-csv/commit/4471e9d66a6fe249efb758ac7f2140ed5cd349e4,cannot be applied to given types,93-Csv-Bug_13.log,Refactor,Overload method withHeader(),0,0,0,0
94,Mockito,11,https://github.com/mockito/mockito/commit/1802cf79c482f2df29abb3d6735bcf0b16cedb7d,https://github.com/mockito/mockito/commit/624f2627be1501169bbb0c0d4423b4f6cd8a4baf,cannot find symbol,94-Mockito-Bug_11.log,New functionality,New class DelegatingMethod(),0,2,1,0
95,Jsoup,53,https://github.com/jhy/jsoup/commit/a229d7354da5210a728ce5d43158d5cd780772db,https://github.com/jhy/jsoup/commit/48a63ff1edb2b35098ca14ff9e03733dd9fab0a6,cannot find symbol,95-Jsoup-Bug_53.log,Refactor,Rename filter to select,0,0,0,0
96,JacksonDatabind,81,https://github.com/FasterXML/jackson-databind/commit/029413a6e381bb04b7b0a420730d3119e9cc0961,https://github.com/FasterXML/jackson-databind/commit/ae465badef2cf1ebf1c149c9030258bad8bca080,package X does not exist,96-JacksonDatabind-Bug_81.log,Dependency,A dependency version is changed,0,0,0,0
97,Math,80,https://github.com/Maes95/commons-math/commit/3ced4f2a4e2546f0d7c309bd8f6305edee0dee8f,https://github.com/Maes95/commons-math/commit/53e1621021576b5e0f3d66926fbfcf6d28ee0753,duplicate class,97-Math-Bug_80.log,Dependency,A dependency version is changed,0,1,1,0
98,Csv,10,https://github.com/apache/commons-csv/commit/1282503fb97d621b4225bd031757adbfada66181,https://github.com/apache/commons-csv/commit/65f110ec14b9e7f202bb1a696c4c58560cfca48c,cannot find symbol,98-Csv-Bug_10.log,New functionality,Method print() is added,2,0,1,0
99,Closure,154,https://github.com/google/closure-compiler/commit/09ed556367fbe81b3003881dfacad643939664c0,https://github.com/google/closure-compiler/commit/c25df7eca2462861bf42ad8b74215099c3f81ae6,no suitable method found,99-Closure-Bug_154.log,Refactor,Overload method to support List along with [],0,2,1,0
100,Jsoup,27,https://github.com/jhy/jsoup/commit/8963e2ac79a97e694c388622e935a0471267e9eb,https://github.com/jhy/jsoup/commit/433d2f180058b8b73e1951c6cfbb986714e68b0f,cannot find symbol,100-Jsoup-Bug_27.log,New functionality,New method htmlParser() added in FFC,0,1,0,0